{
  "dataset_revision": "d3fb88f8f02e40887cd149695127462bbcf29b4a",
  "evaluation_time": 1.862468957901001,
  "kg_co2_emissions": null,
  "mteb_version": "1.12.23",
  "scores": {
    "test": [
      {
        "cos_sim": {
          "pearson": 0.8447737064067413,
          "spearman": 0.8043195317854409
        },
        "euclidean": {
          "pearson": 0.8220496277229049,
          "spearman": 0.8043195317854409
        },
        "hf_subset": "default",
        "languages": [
          "eng-Latn"
        ],
        "main_score": 0.8043195317854409,
        "manhattan": {
          "pearson": 0.8148366278260387,
          "spearman": 0.7965904400101909
        }
      }
    ]
  },
  "task_name": "BIOSSES"
}