{
  "dataset_revision": "b0fddb56ed78048fa8b90373c8a3cfc37b684831",
  "evaluation_time": 8.733898878097534,
  "kg_co2_emissions": null,
  "mteb_version": "1.12.23",
  "scores": {
    "test": [
      {
        "cos_sim": {
          "pearson": 0.8403996212968327,
          "spearman": 0.83421898505618
        },
        "euclidean": {
          "pearson": 0.837867129191328,
          "spearman": 0.8342190973012376
        },
        "hf_subset": "default",
        "languages": [
          "eng-Latn"
        ],
        "main_score": 0.83421898505618,
        "manhattan": {
          "pearson": 0.8344085867152087,
          "spearman": 0.8302903049571893
        }
      }
    ]
  },
  "task_name": "STSBenchmark"
}