{
  "dataset_revision": "b0fddb56ed78048fa8b90373c8a3cfc37b684831",
  "evaluation_time": 2.7111141681671143,
  "kg_co2_emissions": null,
  "mteb_version": "1.12.23",
  "scores": {
    "test": [
      {
        "cos_sim": {
          "pearson": 0.8312524885816455,
          "spearman": 0.8398652640402375
        },
        "euclidean": {
          "pearson": 0.8344127530938692,
          "spearman": 0.8360897801148588
        },
        "hf_subset": "default",
        "languages": [
          "eng-Latn"
        ],
        "main_score": 0.8398652640402375,
        "manhattan": {
          "pearson": 0.8347463408727697,
          "spearman": 0.8361204972750474
        }
      }
    ]
  },
  "task_name": "STSBenchmark"
}