{
  "dataset_revision": "d3fb88f8f02e40887cd149695127462bbcf29b4a",
  "evaluation_time": 0.33463597297668457,
  "kg_co2_emissions": null,
  "mteb_version": "1.12.23",
  "scores": {
    "test": [
      {
        "cos_sim": {
          "pearson": 0.8441897521458228,
          "spearman": 0.8164041444909368
        },
        "euclidean": {
          "pearson": 0.8267500184867307,
          "spearman": 0.8164041444909368
        },
        "hf_subset": "default",
        "languages": [
          "eng-Latn"
        ],
        "main_score": 0.8164041444909368,
        "manhattan": {
          "pearson": 0.8235165734138171,
          "spearman": 0.8150968857884978
        }
      }
    ]
  },
  "task_name": "BIOSSES"
}