{
  "dataset_revision": "b0fddb56ed78048fa8b90373c8a3cfc37b684831",
  "evaluation_time": 1.3883826732635498,
  "kg_co2_emissions": null,
  "mteb_version": "1.12.23",
  "scores": {
    "test": [
      {
        "cos_sim": {
          "pearson": 0.8274064111222038,
          "spearman": 0.8203247283076371
        },
        "euclidean": {
          "pearson": 0.8255616641214,
          "spearman": 0.8203247283076371
        },
        "hf_subset": "default",
        "languages": [
          "eng-Latn"
        ],
        "main_score": 0.8203247283076371,
        "manhattan": {
          "pearson": 0.8249144407910666,
          "spearman": 0.8194553078705925
        }
      }
    ]
  },
  "task_name": "STSBenchmark"
}