{
  "dataset_revision": "b0fddb56ed78048fa8b90373c8a3cfc37b684831",
  "evaluation_time": 2.17343807220459,
  "kg_co2_emissions": null,
  "mteb_version": "1.12.23",
  "scores": {
    "test": [
      {
        "cos_sim": {
          "pearson": 0.8296704478147622,
          "spearman": 0.8362887585322349
        },
        "euclidean": {
          "pearson": 0.8325446087711282,
          "spearman": 0.834296262151363
        },
        "hf_subset": "default",
        "languages": [
          "eng-Latn"
        ],
        "main_score": 0.8362887585322349,
        "manhattan": {
          "pearson": 0.8326971064979757,
          "spearman": 0.8342977167556829
        }
      }
    ]
  },
  "task_name": "STSBenchmark"
}