{
  "dataset_revision": "b0fddb56ed78048fa8b90373c8a3cfc37b684831",
  "evaluation_time": 2.8108365535736084,
  "kg_co2_emissions": null,
  "mteb_version": "1.12.23",
  "scores": {
    "test": [
      {
        "cos_sim": {
          "pearson": 0.8307560886410811,
          "spearman": 0.8384440950033184
        },
        "euclidean": {
          "pearson": 0.8337430521443022,
          "spearman": 0.8355272055946947
        },
        "hf_subset": "default",
        "languages": [
          "eng-Latn"
        ],
        "main_score": 0.8384440950033184,
        "manhattan": {
          "pearson": 0.8339795708074733,
          "spearman": 0.8357155688366094
        }
      }
    ]
  },
  "task_name": "STSBenchmark"
}