{
  "dataset_revision": "b0fddb56ed78048fa8b90373c8a3cfc37b684831",
  "evaluation_time": 8.4687659740448,
  "kg_co2_emissions": null,
  "mteb_version": "1.12.23",
  "scores": {
    "test": [
      {
        "cos_sim": {
          "pearson": 0.8059136975741037,
          "spearman": 0.8074312780505085
        },
        "euclidean": {
          "pearson": 0.8134739125436072,
          "spearman": 0.8124225431735607
        },
        "hf_subset": "default",
        "languages": [
          "eng-Latn"
        ],
        "main_score": 0.8074312780505085,
        "manhattan": {
          "pearson": 0.8136139925220147,
          "spearman": 0.8124230242238082
        }
      }
    ]
  },
  "task_name": "STSBenchmark"
}