{
  "dataset_revision": "d3fb88f8f02e40887cd149695127462bbcf29b4a",
  "evaluation_time": 0.6096103191375732,
  "kg_co2_emissions": null,
  "mteb_version": "1.12.23",
  "scores": {
    "test": [
      {
        "cos_sim": {
          "pearson": 0.8567848799827613,
          "spearman": 0.8437541652700754
        },
        "euclidean": {
          "pearson": 0.8475307375521686,
          "spearman": 0.8437541652700754
        },
        "hf_subset": "default",
        "languages": [
          "eng-Latn"
        ],
        "main_score": 0.8437541652700754,
        "manhattan": {
          "pearson": 0.8459746504164707,
          "spearman": 0.8416276107909926
        }
      }
    ]
  },
  "task_name": "BIOSSES"
}