{
  "dataset_revision": "b0fddb56ed78048fa8b90373c8a3cfc37b684831",
  "evaluation_time": 2.7698988914489746,
  "kg_co2_emissions": null,
  "mteb_version": "1.12.23",
  "scores": {
    "test": [
      {
        "cos_sim": {
          "pearson": 0.807722347492734,
          "spearman": 0.8074613665981323
        },
        "euclidean": {
          "pearson": 0.814258474370625,
          "spearman": 0.8118953739516129
        },
        "hf_subset": "default",
        "languages": [
          "eng-Latn"
        ],
        "main_score": 0.8074613665981323,
        "manhattan": {
          "pearson": 0.8142848667198587,
          "spearman": 0.8118416727089831
        }
      }
    ]
  },
  "task_name": "STSBenchmark"
}