{
  "dataset_revision": "b0fddb56ed78048fa8b90373c8a3cfc37b684831",
  "evaluation_time": 2.11397647857666,
  "kg_co2_emissions": null,
  "mteb_version": "1.12.23",
  "scores": {
    "test": [
      {
        "cos_sim": {
          "pearson": 0.8299241278295583,
          "spearman": 0.8374419207319762
        },
        "euclidean": {
          "pearson": 0.8330484780334564,
          "spearman": 0.8350456055754785
        },
        "hf_subset": "default",
        "languages": [
          "eng-Latn"
        ],
        "main_score": 0.8374419207319762,
        "manhattan": {
          "pearson": 0.8332197763149933,
          "spearman": 0.8350657707437108
        }
      }
    ]
  },
  "task_name": "STSBenchmark"
}