{
  "dataset_revision": "b0fddb56ed78048fa8b90373c8a3cfc37b684831",
  "evaluation_time": 2.7513790130615234,
  "kg_co2_emissions": null,
  "mteb_version": "1.12.23",
  "scores": {
    "test": [
      {
        "cos_sim": {
          "pearson": 0.8304127177711592,
          "spearman": 0.8378021174130152
        },
        "euclidean": {
          "pearson": 0.8330807775607074,
          "spearman": 0.8348105552616858
        },
        "hf_subset": "default",
        "languages": [
          "eng-Latn"
        ],
        "main_score": 0.8378021174130152,
        "manhattan": {
          "pearson": 0.8333797555240224,
          "spearman": 0.8350716716267469
        }
      }
    ]
  },
  "task_name": "STSBenchmark"
}