{
  "dataset_revision": "b0fddb56ed78048fa8b90373c8a3cfc37b684831",
  "evaluation_time": 2.7581489086151123,
  "kg_co2_emissions": null,
  "mteb_version": "1.12.23",
  "scores": {
    "test": [
      {
        "cos_sim": {
          "pearson": 0.8277653223874508,
          "spearman": 0.8343882160515312
        },
        "euclidean": {
          "pearson": 0.8319386125217305,
          "spearman": 0.8339733399923592
        },
        "hf_subset": "default",
        "languages": [
          "eng-Latn"
        ],
        "main_score": 0.8343882160515312,
        "manhattan": {
          "pearson": 0.8320540972398456,
          "spearman": 0.8338935039769974
        }
      }
    ]
  },
  "task_name": "STSBenchmark"
}