{
  "dataset_revision": "b0fddb56ed78048fa8b90373c8a3cfc37b684831",
  "evaluation_time": 9.740087985992432,
  "kg_co2_emissions": null,
  "mteb_version": "1.12.23",
  "scores": {
    "test": [
      {
        "cos_sim": {
          "pearson": 0.7053145832350052,
          "spearman": 0.6885300296038271
        },
        "euclidean": {
          "pearson": 0.7137032213622534,
          "spearman": 0.6975174497047908
        },
        "hf_subset": "default",
        "languages": [
          "eng-Latn"
        ],
        "main_score": 0.6885300296038271,
        "manhattan": {
          "pearson": 0.7136049254806238,
          "spearman": 0.6974263682198214
        }
      }
    ]
  },
  "task_name": "STSBenchmark"
}